{
    "autoAdd": {
        "status": true,
        "message": "Kenapa? @!",
        "reply": true
    },
    "autoJoin": {
        "status": true,
        "message": "Thnks udh Invite @!",
        "reply": false,
        "ticket": false
    },
    "members": 500,
    "groupjoin": 150,
    "namegrup": "lpm",
    "autoRead": false,
    "autoRespond": {
        "status": false,
        "message": "hello @!"
    },
    "autoRespondMention": {
        "status": false,
        "message": "already deactive"
    },
    "Addimage": false,
    "runtime": 1584023403.734488,
    "receivercount": 3827731,
    "sendcount": 1991738,
    "silent": [],
    "protectkick": [],
    "protectinvite": [],
    "protectjoin": [],
    "protectcancel": [],
    "protectqr": [],
    "admin": [
        "u6459106c8251205f79c2f037cd99b6a4",
        "u6459106c8251205f79c2f037cd99b6a4"
    ],
    "whitelist": [
        "u6459106c8251205f79c2f037cd99b6a4",
        "u6459106c8251205f79c2f037cd99b6a4",
        "u6459106c8251205f79c2f037cd99b6a4",
        "u6459106c8251205f79c2f037cd99b6a4"
    ],
    "blacklist": [],
    "selfbackup": [],
    "livetime": [],
    "liveview": [],
    "Img": {},
    "changeGroupPicture": [],
    "wordban": [],
    "changePictureProfile": false,
    "changeCoverProfile": false,
    "checkContact": false,
    "checkPost": false,
    "checkSticker": false,
    "defaultReplyReader": "Hello @!, come here join to chat",
    "greet": {
        "join": {
            "status": false,
            "message": "Welcome asw @!"
        },
        "leave": {
            "status": false,
            "message": "Yah kok leave asw @!"
        }
    },
    "myProfile": {
        "coverId": "fb06ee3979a1f662ed589f51764fc670",
        "displayName": "BOT KUIS",
        "pictureStatus": "0hNVpmxT5jEXlNFATj57puLnFRHxQ6OhcxNSFWS2sXTxs1cVEodHEKHzoVTU80cFB6cnBfTDoRR0Bo",
        "statusMessage": "Selfbot Template\n\u25a0information TEAM_TERMUX\n\u25a0ID Line : linux.1"
    },
    "mimic": {
        "status": false,
        "target": {}
    },
    "restartPoint": null,
    "selfbot": true,
    "setKey": {
        "status": true,
        "key": ""
    },
    "copyright": "If you respect the author please don't remove this copyright\n\u00a9 2023 TEAM TERMUX",
    "author_lineid": "You can add the author by line id, https://line.me/ti/p/~linux.1",
    "changevp": false,
    "changeProfileVideo": false,
    "updateProfile": false,
    "autolike": false,
    "getpost": false,
    "invitekontak": false,
    "autokomen": false,
    "checkalbum": false,
    "detectlive": false,
    "detectTemplate": false,
    "unsendMessage": false,
    "detectspam": false,
    "mentionkick": false,
    "getposttl": false,
    "responcall": false,
    "detectflex": false,
    "detectflextext": false,
    "detectimage": false,
    "detectlocation": false,
    "detectvideo": false,
    "detectkick": false,
    "autoLike": false
}